id,x,y,tipo,H,S,V,area_px,feret_max_px,diam_equiv_px,eje_mayor_px
1,1025,78,3,2.9,119.8,167.6,3638,71.45,68.06,70.20
2,1260,78,3,0.1,127.8,169.6,3940,76.32,70.83,74.72
3,1374,78,3,2.0,126.3,176.8,3870,74.63,70.19,74.01
4,1485,79,3,0.5,127.0,185.6,3935,75.03,70.78,75.11
5,1145,80,3,1.2,129.2,176.4,3716,71.45,68.78,71.19
6,674,83,3,2.7,116.2,182.6,4307,77.83,74.05,78.19
7,912,84,3,2.0,125.8,183.0,3674,70.77,68.39,70.83
8,792,85,3,2.4,123.0,181.9,3644,71.59,68.12,71.08
9,437,87,3,1.7,112.2,176.0,3824,73.82,69.78,74.62
10,557,87,2,2.1,134.6,204.0,3318,69.20,65.00,68.45
11,1263,180,2,0.3,139.2,199.6,5408,87.09,82.98,87.26
12,1488,180,3,0.8,125.9,173.9,5464,87.62,83.41,88.21
13,1375,184,3,1.6,124.9,163.8,3728,72.67,68.90,71.82
14,910,186,3,2.8,125.1,168.8,3480,70.04,66.56,69.23
15,1030,187,3,5.1,118.2,175.5,3956,73.33,70.98,73.04
16,1142,187,2,3.8,140.0,203.5,3066,64.85,62.49,64.36
17,796,190,2,4.3,117.2,195.6,4000,74.04,71.36,73.94
18,562,192,3,3.1,113.8,171.5,3715,71.59,68.78,71.40
19,679,193,2,3.6,117.9,200.8,4065,74.81,71.94,74.93
20,442,195,2,2.3,134.7,201.4,3169,66.22,63.52,66.21
21,1376,284,3,1.3,127.4,170.5,3646,70.43,68.13,70.75
22,1485,286,3,2.6,120.6,177.3,3650,70.84,68.17,70.89
23,1263,290,3,1.6,127.9,174.7,5092,82.42,80.52,81.99
24,1143,292,3,4.1,125.9,190.8,3280,66.48,64.63,66.08
25,912,295,1,2.0,148.4,242.9,4006,73.44,71.42,72.87
26,1033,296,3,4.0,123.4,186.6,3869,73.01,70.19,72.49
27,685,297,2,3.7,131.5,199.8,5080,82.20,80.42,81.63
28,799,298,3,4.7,120.7,177.7,3258,66.71,64.40,65.72
29,446,301,3,2.6,117.3,173.0,3667,72.24,68.33,72.08
30,564,303,2,2.5,125.4,203.7,5204,84.88,81.40,84.50
31,1485,389,3,2.0,125.1,186.6,3540,69.64,67.14,68.84
32,1258,390,3,5.5,126.9,172.3,3193,66.76,63.76,65.95
33,1144,391,3,4.3,125.5,170.7,3265,66.94,64.48,65.78
34,1374,391,1,2.0,160.0,236.7,3588,69.40,67.59,68.57
35,1034,394,3,4.5,120.7,173.2,3792,72.84,69.48,71.83
36,807,399,3,4.4,124.8,178.8,3760,71.02,69.19,70.91
37,915,399,3,4.4,127.4,172.1,3714,70.41,68.76,69.95
38,685,402,3,5.1,115.9,169.1,3714,71.12,68.77,70.37
39,567,405,3,3.7,124.3,185.8,5021,82.64,79.96,82.43
40,448,406,3,2.0,114.3,162.2,3561,70.21,67.34,69.65
41,1376,488,3,2.6,131.9,174.5,3420,67.90,65.98,67.43
42,1486,492,3,3.2,125.7,187.3,4050,74.43,71.81,73.78
43,1259,493,3,5.1,131.6,179.0,3230,66.04,64.13,65.16
44,1149,496,2,5.4,148.6,201.6,2778,61.29,59.47,60.91
45,1036,501,3,5.9,126.4,174.6,3443,67.91,66.21,67.30
46,926,503,3,4.9,128.5,171.5,4482,77.52,75.54,76.61
47,694,506,3,4.9,126.5,175.5,3166,65.30,63.49,64.78
48,810,507,2,6.3,122.3,192.1,3530,68.88,67.04,68.17
49,571,508,3,2.2,122.1,174.7,4879,81.58,78.82,80.99
50,456,512,3,4.6,113.8,170.5,3442,69.05,66.20,68.52
51,1379,593,3,3.0,126.5,161.8,3342,68.07,65.23,67.60
52,1489,593,3,2.4,130.4,180.6,5092,84.90,80.52,84.02
53,1157,596,3,3.3,130.5,173.0,4554,77.47,76.15,77.04
54,1265,597,3,3.5,131.2,166.6,3168,66.76,63.51,65.74
55,1039,599,3,6.7,121.7,184.4,3388,67.36,65.68,66.90
56,812,606,3,5.3,119.9,190.2,3004,63.95,61.85,62.97
57,926,606,3,5.5,121.6,168.8,4380,76.32,74.67,76.24
58,698,608,3,5.9,124.8,188.1,3166,64.85,63.50,64.39
59,576,614,3,2.8,122.9,171.6,3920,73.57,70.64,73.45
60,460,618,3,5.4,129.5,191.4,4058,74.15,71.88,74.23
61,1375,695,3,2.3,130.8,175.6,3360,68.51,65.41,68.69
62,1484,696,3,2.3,133.1,177.6,3463,69.26,66.40,69.10
63,1148,697,3,4.2,127.1,180.2,3057,64.66,62.39,64.57
64,1260,698,3,3.3,122.6,167.3,3138,66.04,63.21,66.26
65,927,705,3,4.1,124.1,174.1,2996,64.40,61.77,64.04
66,1039,706,3,4.6,123.7,175.4,3515,69.26,66.90,68.75
67,812,712,3,4.9,124.6,173.4,4426,76.92,75.07,76.04
68,697,713,3,1.4,125.3,179.9,3832,72.95,69.85,72.41
69,585,717,3,3.7,117.4,170.8,3383,69.05,65.63,68.22
70,465,719,3,1.3,122.3,171.6,3520,70.43,66.94,69.77
71,1483,791,3,1.9,129.0,191.7,3516,72.42,66.91,70.35
72,1153,794,3,2.9,131.7,178.2,3124,64.85,63.06,64.91
73,1375,794,1,1.1,160.6,238.7,2962,65.00,61.41,65.05
74,1265,796,3,4.0,126.0,173.3,3209,66.31,63.92,66.61
75,1042,805,2,3.2,120.9,192.0,3059,64.85,62.41,64.88
76,930,807,2,4.0,125.2,192.1,3106,65.19,62.89,64.46
77,702,813,2,6.6,132.3,204.6,3714,71.34,68.77,70.28
78,814,814,2,2.9,129.5,203.3,4710,80.26,77.44,80.00
79,582,820,3,2.2,115.6,177.6,3862,73.06,70.12,72.02
80,469,824,3,1.7,117.9,182.7,3497,69.07,66.73,68.84
81,1490,894,3,0.3,134.4,186.2,5102,84.60,80.60,84.94
82,1155,896,3,3.0,127.7,186.4,3208,66.27,63.91,65.57
83,1381,896,3,1.4,131.8,183.9,4876,82.81,78.79,83.16
84,1270,901,3,1.0,133.4,183.4,4753,82.01,77.79,81.98
85,1045,904,3,3.0,128.2,185.2,3229,67.08,64.12,66.52
86,817,905,3,1.9,124.8,179.8,3100,68.01,62.82,67.01
87,931,911,3,1.3,123.4,179.7,4700,80.31,77.36,80.32
88,704,912,3,3.3,117.4,187.0,3846,72.42,69.97,72.35
89,587,919,3,1.6,123.0,164.9,3383,68.03,65.63,67.76
90,473,922,3,0.0,119.3,169.8,3542,71.56,67.15,71.50
91,1484,987,3,0.7,129.6,174.5,3424,69.89,66.02,70.16
92,1381,994,3,179.5,134.1,180.0,4038,76.66,71.70,77.32
93,1265,995,3,179.0,136.4,184.3,3290,67.48,64.72,66.77
94,1157,996,3,0.4,130.0,189.2,3674,70.58,68.40,70.05
95,933,1005,3,1.3,114.4,180.0,3222,68.41,64.05,68.08
96,822,1007,3,1.5,116.6,189.9,3246,67.27,64.29,67.17
97,1045,1007,1,179.5,147.2,243.4,4862,83.49,78.68,82.39
98,709,1016,3,1.2,119.9,186.0,3816,73.36,69.70,73.28
99,594,1018,3,1.1,118.4,180.8,3383,69.03,65.63,68.73
100,475,1025,3,179.3,122.1,171.5,4147,77.88,72.66,78.09
